<?xml version="1.0" encoding="UTF-8"?>
<project-private xmlns="http://www.netbeans.org/ns/project-private/1">
    <editor-bookmarks xmlns="http://www.netbeans.org/ns/editor-bookmarks/2" lastBookmarkId="0"/>
    <open-files xmlns="http://www.netbeans.org/ns/projectui-open-files/2">
        <group>
            <file>file:/C:/Users/nico2/Documents/NetBeansProjects/nba_project/src/database/EquiposLiga.txt</file>
            <file>file:/C:/Users/nico2/Documents/NetBeansProjects/nba_project/src/interfaces/MostrarInfo.java</file>
            <file>file:/C:/Users/nico2/Documents/NetBeansProjects/nba_project/src/interfaces/CrearPersonal.java</file>
            <file>file:/C:/Users/nico2/Documents/NetBeansProjects/nba_project/src/interfaces/CrearEquipoInterfaz.java</file>
            <file>file:/C:/Users/nico2/Documents/NetBeansProjects/nba_project/src/interfaces/Conexion.java</file>
            <file>file:/C:/Users/nico2/Documents/NetBeansProjects/nba_project/src/co/edu/usbcali/nba_project/Nba_project.java</file>
        </group>
    </open-files>
</project-private>
